{"IcoMoonType":"selection","icons":[{"icon":{"paths":["M578.567 219.785c-51.326-41.806-113.329-68.168-178.872-76.052s-131.966 3.030-191.623 31.486c-59.659 28.456-110.127 73.298-145.601 129.366s-54.51 121.085-54.92 187.569c-0.409 66.484 17.825 131.733 52.605 188.241s84.693 101.977 143.996 131.176c59.303 29.199 125.585 40.943 191.221 33.878s127.958-32.649 179.797-73.81l-76.003-97.1c-33.685 26.749-74.185 43.373-116.836 47.965s-85.725-3.041-124.262-22.016c-38.536-18.974-70.972-48.522-93.572-85.241s-34.451-79.122-34.184-122.325c0.266-43.203 12.637-85.453 35.689-121.888s55.849-65.575 94.616-84.066c38.767-18.492 81.931-25.585 124.523-20.46s82.884 22.254 116.238 49.42l77.193-96.142z","M743.172 168.12c42.534-17.746 88.121-26.879 134.161-26.879l154.21-0v123.646h-154.21c-29.918 0-59.542 5.934-87.182 17.466s-52.755 28.433-73.91 49.74c-18.456 18.59-33.585 40.216-44.746 63.918h-130.873c3.591-12.468 7.866-24.754 12.818-36.794 17.619-42.841 43.443-81.767 75.997-114.556s71.201-58.797 113.736-76.543z","M530.822 547.98c4.26 27.915 11.839 55.278 22.618 81.491 17.619 42.841 43.443 81.767 75.997 114.556s71.201 58.798 113.736 76.542c42.534 17.746 88.121 26.879 134.161 26.879h154.21v-123.646h-154.21c-29.918 0-59.542-5.934-87.182-17.466s-52.755-28.433-73.91-49.74c-21.154-21.308-37.935-46.603-49.384-74.442s-17.342-57.676-17.342-87.809c0-19.651 2.506-39.178 7.426-58.105h-298.82v111.742h172.701z"],"attrs":[],"isMulticolor":false,"isMulticolor2":false,"grid":0,"tags":["favicon"],"colorPermutations":{}},"attrs":[],"properties":{"order":9,"id":2,"name":"favicon","prevSize":16,"code":59650},"setIdx":0,"setId":2,"iconIdx":0},{"icon":{"paths":["M128 512h768","M128 256h768","M128 768h768"],"attrs":[{"fill":"none","strokeLinejoin":"round","strokeLinecap":"round","strokeMiterlimit":"4","strokeWidth":85.33333333333333},{"fill":"none","strokeLinejoin":"round","strokeLinecap":"round","strokeMiterlimit":"4","strokeWidth":85.33333333333333},{"fill":"none","strokeLinejoin":"round","strokeLinecap":"round","strokeMiterlimit":"4","strokeWidth":85.33333333333333}],"isMulticolor":false,"isMulticolor2":false,"grid":0,"tags":["menu"],"colorPermutations":{}},"attrs":[{"fill":"none","strokeLinejoin":"round","strokeLinecap":"round","strokeMiterlimit":"4","strokeWidth":85.33333333333333},{"fill":"none","strokeLinejoin":"round","strokeLinecap":"round","strokeMiterlimit":"4","strokeWidth":85.33333333333333},{"fill":"none","strokeLinejoin":"round","strokeLinecap":"round","strokeMiterlimit":"4","strokeWidth":85.33333333333333}],"properties":{"order":7,"id":1,"name":"menu","prevSize":16,"code":59648,"ligatures":""},"setIdx":0,"setId":2,"iconIdx":1},{"icon":{"paths":["M896 341.333v554.667h-768v-554.667","M42.667 128h938.667v213.333h-938.667v-213.333z","M426.667 512h170.667"],"attrs":[{"fill":"none","strokeLinejoin":"round","strokeLinecap":"round","strokeMiterlimit":"4","strokeWidth":19.692307692307693},{"fill":"none","strokeLinejoin":"round","strokeLinecap":"round","strokeMiterlimit":"4","strokeWidth":19.692307692307693},{"fill":"none","strokeLinejoin":"round","strokeLinecap":"round","strokeMiterlimit":"4","strokeWidth":19.692307692307693}],"isMulticolor":false,"isMulticolor2":false,"grid":0,"tags":["archive"],"colorPermutations":{}},"attrs":[{"fill":"none","strokeLinejoin":"round","strokeLinecap":"round","strokeMiterlimit":"4","strokeWidth":19.692307692307693},{"fill":"none","strokeLinejoin":"round","strokeLinecap":"round","strokeMiterlimit":"4","strokeWidth":19.692307692307693},{"fill":"none","strokeLinejoin":"round","strokeLinecap":"round","strokeMiterlimit":"4","strokeWidth":19.692307692307693}],"properties":{"order":8,"id":0,"name":"archive","prevSize":16,"code":59649},"setIdx":0,"setId":2,"iconIdx":2}],"height":1024,"metadata":{"name":"icomoon"},"preferences":{"showGlyphs":true,"showQuickUse":true,"showQuickUse2":true,"showSVGs":true,"fontPref":{"prefix":"icon-","metadata":{"fontFamily":"icomoon"},"metrics":{"emSize":1024,"baseline":6.25,"whitespace":50},"embed":false},"imagePref":{"prefix":"icon-","png":true,"useClassSelector":true,"color":0,"bgColor":16777215,"classSelector":".icon","name":"icomoon"},"historySize":50,"showCodes":true,"gridSize":16,"showLiga":true,"showGrid":false}}